{"cameraMode":{"drawMode":0,"name":"Shaded","section":"Shading Mode"},"sceneLighting":true,"audioPlay":false,"sceneViewState":{"m_AlwaysRefresh":false,"showFog":true,"showSkybox":true,"showFlares":true,"showImageEffects":true,"showParticleSystems":true,"showVisualEffectGraphs":true,"m_FxEnabled":true},"in2DMode":false,"pivot":{"x":757.0728149414063,"y":0.36658310890197756,"z":798.3572998046875},"rotation":{"x":0.29695141315460207,"y":0.42172691226005556,"z":-0.14842043817043305,"w":0.843765377998352},"size":2.842231273651123,"orthographic":false}