{"cameraMode":{"drawMode":0,"name":"Shaded","section":"Shading Mode"},"sceneLighting":true,"audioPlay":false,"sceneViewState":{"m_AlwaysRefresh":false,"showFog":true,"showSkybox":true,"showFlares":true,"showImageEffects":true,"showParticleSystems":true,"showVisualEffectGraphs":true,"m_FxEnabled":true},"in2DMode":false,"pivot":{"x":745.8997192382813,"y":0.6102103590965271,"z":780.3418579101563},"rotation":{"x":-0.01057737972587347,"y":0.9403143525123596,"z":-0.33887743949890139,"w":-0.029350697994232179},"size":7.555398941040039,"orthographic":false}