{"cameraMode":{"drawMode":0,"name":"Shaded","section":"Shading Mode"},"sceneLighting":true,"audioPlay":false,"sceneViewState":{"m_AlwaysRefresh":false,"showFog":true,"showSkybox":true,"showFlares":true,"showImageEffects":true,"showParticleSystems":true,"showVisualEffectGraphs":true,"m_FxEnabled":true},"in2DMode":false,"pivot":{"x":753.0850830078125,"y":3.495021343231201,"z":793.7069091796875},"rotation":{"x":0.14858879148960114,"y":0.05781535431742668,"z":-0.008701590821146965,"w":0.9871706962585449},"size":0.8660253882408142,"orthographic":false}